Jurisdiction,State,Year,Election.Date,Office,RCV,Winner,Party,Source
Alaska,AK,2022,11/8/22,Governor / Lt Governor,TRUE,Dunleavy/Dahlstrom,Republican,https://docs.google.com/spreadsheets/d/1lU6viuXfay323Gl6zkH5itwmrUIUo9rAzalK_ntu-ZY/
Alaska,AK,2022,11/8/22,State House 01,TRUE,"Ortiz, Daniel H. ""Dan""",Independent,https://docs.google.com/spreadsheets/d/1lU6viuXfay323Gl6zkH5itwmrUIUo9rAzalK_ntu-ZY/
Alaska,AK,2022,11/8/22,State House 02,TRUE,"Himschoot, Rebecca",Independent,https://docs.google.com/spreadsheets/d/1lU6viuXfay323Gl6zkH5itwmrUIUo9rAzalK_ntu-ZY/
Alaska,AK,2022,11/8/22,State House 03,TRUE,"Story, Andrea ""Andi""",Democratic,https://docs.google.com/spreadsheets/d/1lU6viuXfay323Gl6zkH5itwmrUIUo9rAzalK_ntu-ZY/
Alaska,AK,2022,11/8/22,State House 04,TRUE,"Hannan, Sara",Democratic,https://docs.google.com/spreadsheets/d/1lU6viuXfay323Gl6zkH5itwmrUIUo9rAzalK_ntu-ZY/
Alaska,AK,2022,11/8/22,State House 05,TRUE,"Stutes, Louise B.",Republican,https://docs.google.com/spreadsheets/d/1lU6viuXfay323Gl6zkH5itwmrUIUo9rAzalK_ntu-ZY/
Alaska,AK,2022,11/8/22,State House 06,TRUE,"Vance, Sarah L.",Republican,https://docs.google.com/spreadsheets/d/1lU6viuXfay323Gl6zkH5itwmrUIUo9rAzalK_ntu-ZY/
Alaska,AK,2022,11/8/22,State House 07,TRUE,"Ruffridge, Justin",Republican,https://docs.google.com/spreadsheets/d/1lU6viuXfay323Gl6zkH5itwmrUIUo9rAzalK_ntu-ZY/
Alaska,AK,2022,11/8/22,State House 08,TRUE,"Carpenter, Ben",Republican,https://docs.google.com/spreadsheets/d/1lU6viuXfay323Gl6zkH5itwmrUIUo9rAzalK_ntu-ZY/
Alaska,AK,2022,11/8/22,State House 09,TRUE,"Shaw, Laddie H.",Republican,https://docs.google.com/spreadsheets/d/1lU6viuXfay323Gl6zkH5itwmrUIUo9rAzalK_ntu-ZY/
Alaska,AK,2022,11/8/22,State House 10,TRUE,"Johnson, Craig W.",Republican,https://docs.google.com/spreadsheets/d/1lU6viuXfay323Gl6zkH5itwmrUIUo9rAzalK_ntu-ZY/
Alaska,AK,2022,11/8/22,State House 11,TRUE,"Coulombe, Julie",Republican,https://docs.google.com/spreadsheets/d/1lU6viuXfay323Gl6zkH5itwmrUIUo9rAzalK_ntu-ZY/
Alaska,AK,2022,11/8/22,State House 12,TRUE,"Schrage, Calvin R.",Independent,https://docs.google.com/spreadsheets/d/1lU6viuXfay323Gl6zkH5itwmrUIUo9rAzalK_ntu-ZY/
Alaska,AK,2022,11/8/22,State House 13,TRUE,"Josephson, Andy",Democratic,https://docs.google.com/spreadsheets/d/1lU6viuXfay323Gl6zkH5itwmrUIUo9rAzalK_ntu-ZY/
Alaska,AK,2022,11/8/22,State House 14,TRUE,"Galvin, Alyse S.",Independent,https://docs.google.com/spreadsheets/d/1lU6viuXfay323Gl6zkH5itwmrUIUo9rAzalK_ntu-ZY/
Alaska,AK,2022,11/8/22,State House 15,TRUE,"McKay, Thomas W. ""Tom""",Republican,https://docs.google.com/spreadsheets/d/1lU6viuXfay323Gl6zkH5itwmrUIUo9rAzalK_ntu-ZY/
Alaska,AK,2022,11/8/22,State House 16,TRUE,"Armstrong, Jennifer ""Jennie""",Democratic,https://docs.google.com/spreadsheets/d/1lU6viuXfay323Gl6zkH5itwmrUIUo9rAzalK_ntu-ZY/
Alaska,AK,2022,11/8/22,State House 17,TRUE,"Fields, William Z. ""Zack""",Democratic,https://docs.google.com/spreadsheets/d/1lU6viuXfay323Gl6zkH5itwmrUIUo9rAzalK_ntu-ZY/
Alaska,AK,2022,11/8/22,State House 18,TRUE,"Groh, Cliff",Democratic,https://docs.google.com/spreadsheets/d/1lU6viuXfay323Gl6zkH5itwmrUIUo9rAzalK_ntu-ZY/
Alaska,AK,2022,11/8/22,State House 19,TRUE,"Mina, Genevieve G.",Democratic,https://docs.google.com/spreadsheets/d/1lU6viuXfay323Gl6zkH5itwmrUIUo9rAzalK_ntu-ZY/
Alaska,AK,2022,11/8/22,State House 20,TRUE,"Gray, Andrew T.",Democratic,https://docs.google.com/spreadsheets/d/1lU6viuXfay323Gl6zkH5itwmrUIUo9rAzalK_ntu-ZY/
Alaska,AK,2022,11/8/22,State House 21,TRUE,"Mears, Donna C.",Democratic,https://docs.google.com/spreadsheets/d/1lU6viuXfay323Gl6zkH5itwmrUIUo9rAzalK_ntu-ZY/
Alaska,AK,2022,11/8/22,State House 22,TRUE,"Wright, Stanley A.",Republican,https://docs.google.com/spreadsheets/d/1lU6viuXfay323Gl6zkH5itwmrUIUo9rAzalK_ntu-ZY/
Alaska,AK,2022,11/8/22,State House 23,TRUE,"Allard, Jamie",Republican,https://docs.google.com/spreadsheets/d/1lU6viuXfay323Gl6zkH5itwmrUIUo9rAzalK_ntu-ZY/
Alaska,AK,2022,11/8/22,State House 24,TRUE,"Saddler, Dan",Republican,https://docs.google.com/spreadsheets/d/1lU6viuXfay323Gl6zkH5itwmrUIUo9rAzalK_ntu-ZY/
Alaska,AK,2022,11/8/22,State House 25,TRUE,"Johnson, DeLena M.",Republican,https://docs.google.com/spreadsheets/d/1lU6viuXfay323Gl6zkH5itwmrUIUo9rAzalK_ntu-ZY/
Alaska,AK,2022,11/8/22,State House 26,TRUE,"Tilton, Cathy L.",Republican,https://docs.google.com/spreadsheets/d/1lU6viuXfay323Gl6zkH5itwmrUIUo9rAzalK_ntu-ZY/
Alaska,AK,2022,11/8/22,State House 27,TRUE,"Eastman, David",Republican,https://docs.google.com/spreadsheets/d/1lU6viuXfay323Gl6zkH5itwmrUIUo9rAzalK_ntu-ZY/
Alaska,AK,2022,11/8/22,State House 28,TRUE,"Sumner, Jesse M.",Republican,https://docs.google.com/spreadsheets/d/1lU6viuXfay323Gl6zkH5itwmrUIUo9rAzalK_ntu-ZY/
Alaska,AK,2022,11/8/22,State House 29,TRUE,"Rauscher, George",Republican,https://docs.google.com/spreadsheets/d/1lU6viuXfay323Gl6zkH5itwmrUIUo9rAzalK_ntu-ZY/
Alaska,AK,2022,11/8/22,State House 30,TRUE,"McCabe, Kevin J.",Republican,https://docs.google.com/spreadsheets/d/1lU6viuXfay323Gl6zkH5itwmrUIUo9rAzalK_ntu-ZY/
Alaska,AK,2022,11/8/22,State House 31,TRUE,"Dibert, Maxine L.",Democratic,https://docs.google.com/spreadsheets/d/1lU6viuXfay323Gl6zkH5itwmrUIUo9rAzalK_ntu-ZY/
Alaska,AK,2022,11/8/22,State House 32,TRUE,"Stapp, Will B.",Republican,https://docs.google.com/spreadsheets/d/1lU6viuXfay323Gl6zkH5itwmrUIUo9rAzalK_ntu-ZY/
Alaska,AK,2022,11/8/22,State House 33,TRUE,"Prax, Glenn M. ""Mike""",Republican,https://docs.google.com/spreadsheets/d/1lU6viuXfay323Gl6zkH5itwmrUIUo9rAzalK_ntu-ZY/
Alaska,AK,2022,11/8/22,State House 34,TRUE,"Tomaszewski, Frank J.",Republican,https://docs.google.com/spreadsheets/d/1lU6viuXfay323Gl6zkH5itwmrUIUo9rAzalK_ntu-ZY/
Alaska,AK,2022,11/8/22,State House 35,TRUE,"Carrick, Ashley E.",Democratic,https://docs.google.com/spreadsheets/d/1lU6viuXfay323Gl6zkH5itwmrUIUo9rAzalK_ntu-ZY/
Alaska,AK,2022,11/8/22,State House 36,TRUE,"Cronk, Mike",Republican,https://docs.google.com/spreadsheets/d/1lU6viuXfay323Gl6zkH5itwmrUIUo9rAzalK_ntu-ZY/
Alaska,AK,2022,11/8/22,State House 37,TRUE,"Edgmon, Bryce",Independent,https://docs.google.com/spreadsheets/d/1lU6viuXfay323Gl6zkH5itwmrUIUo9rAzalK_ntu-ZY/
Alaska,AK,2022,11/8/22,State House 38,TRUE,"McCormick, Conrad J. ""C.J.""",Democratic,https://docs.google.com/spreadsheets/d/1lU6viuXfay323Gl6zkH5itwmrUIUo9rAzalK_ntu-ZY/
Alaska,AK,2022,11/8/22,State House 39,TRUE,"Foster, Neal W.",Democratic,https://docs.google.com/spreadsheets/d/1lU6viuXfay323Gl6zkH5itwmrUIUo9rAzalK_ntu-ZY/
Alaska,AK,2022,11/8/22,State House 39,TRUE,"Foster, Neal W.",Democratic,https://docs.google.com/spreadsheets/d/1lU6viuXfay323Gl6zkH5itwmrUIUo9rAzalK_ntu-ZY/
Alaska,AK,2022,11/8/22,State House 40,TRUE,"Patkotak, Josiah B. ""Aullaqsruaq""",Independent,https://docs.google.com/spreadsheets/d/1lU6viuXfay323Gl6zkH5itwmrUIUo9rAzalK_ntu-ZY/
Alaska,AK,2022,11/8/22,State Senate A,TRUE,"Stedman, Bert K.",Republican,https://docs.google.com/spreadsheets/d/1lU6viuXfay323Gl6zkH5itwmrUIUo9rAzalK_ntu-ZY/
Alaska,AK,2022,11/8/22,State Senate B,TRUE,"Kiehl, Jesse",Democratic,https://docs.google.com/spreadsheets/d/1lU6viuXfay323Gl6zkH5itwmrUIUo9rAzalK_ntu-ZY/
Alaska,AK,2022,11/8/22,State Senate C,TRUE,"Stevens, Gary",Republican,https://docs.google.com/spreadsheets/d/1lU6viuXfay323Gl6zkH5itwmrUIUo9rAzalK_ntu-ZY/
Alaska,AK,2022,11/8/22,State Senate D,TRUE,"Bjorkman, Jesse J.",Republican,https://docs.google.com/spreadsheets/d/1lU6viuXfay323Gl6zkH5itwmrUIUo9rAzalK_ntu-ZY/
Alaska,AK,2022,11/8/22,State Senate E,TRUE,"Giessel, Cathy",Republican,https://docs.google.com/spreadsheets/d/1lU6viuXfay323Gl6zkH5itwmrUIUo9rAzalK_ntu-ZY/
Alaska,AK,2022,11/8/22,State Senate F,TRUE,"Kaufman, James D.",Republican,https://docs.google.com/spreadsheets/d/1lU6viuXfay323Gl6zkH5itwmrUIUo9rAzalK_ntu-ZY/
Alaska,AK,2022,11/8/22,State Senate G,TRUE,"Gray-Jackson, Elvi",Democratic,https://docs.google.com/spreadsheets/d/1lU6viuXfay323Gl6zkH5itwmrUIUo9rAzalK_ntu-ZY/
Alaska,AK,2022,11/8/22,State Senate H,TRUE,"Claman, Matt",Democratic,https://docs.google.com/spreadsheets/d/1lU6viuXfay323Gl6zkH5itwmrUIUo9rAzalK_ntu-ZY/
Alaska,AK,2022,11/8/22,State Senate I,TRUE,"Tobin, Loki",Democratic,https://docs.google.com/spreadsheets/d/1lU6viuXfay323Gl6zkH5itwmrUIUo9rAzalK_ntu-ZY/
Alaska,AK,2022,11/8/22,State Senate J,TRUE,"Dunbar, Forrest",Democratic,https://docs.google.com/spreadsheets/d/1lU6viuXfay323Gl6zkH5itwmrUIUo9rAzalK_ntu-ZY/
Alaska,AK,2022,11/8/22,State Senate K,TRUE,"Wielechowski, Bill",Democratic,https://docs.google.com/spreadsheets/d/1lU6viuXfay323Gl6zkH5itwmrUIUo9rAzalK_ntu-ZY/
Alaska,AK,2022,11/8/22,State Senate L,TRUE,"Merrick, Kelly R.",Republican,https://docs.google.com/spreadsheets/d/1lU6viuXfay323Gl6zkH5itwmrUIUo9rAzalK_ntu-ZY/
Alaska,AK,2022,11/8/22,State Senate M,TRUE,"Hughes, Shelley",Republican,https://docs.google.com/spreadsheets/d/1lU6viuXfay323Gl6zkH5itwmrUIUo9rAzalK_ntu-ZY/
Alaska,AK,2022,11/8/22,State Senate N,TRUE,"Wilson, David S.",Republican,https://docs.google.com/spreadsheets/d/1lU6viuXfay323Gl6zkH5itwmrUIUo9rAzalK_ntu-ZY/
Alaska,AK,2022,11/8/22,State Senate O,TRUE,"Shower, Michael K.",Republican,https://docs.google.com/spreadsheets/d/1lU6viuXfay323Gl6zkH5itwmrUIUo9rAzalK_ntu-ZY/
Alaska,AK,2022,11/8/22,State Senate P,TRUE,"Kawasaki, Scott",Democratic,https://docs.google.com/spreadsheets/d/1lU6viuXfay323Gl6zkH5itwmrUIUo9rAzalK_ntu-ZY/
Alaska,AK,2022,11/8/22,State Senate Q,TRUE,"Myers, Robert H. Jr.",Republican,https://docs.google.com/spreadsheets/d/1lU6viuXfay323Gl6zkH5itwmrUIUo9rAzalK_ntu-ZY/
Alaska,AK,2022,11/8/22,State Senate R,TRUE,"Bishop, Click",Republican,https://docs.google.com/spreadsheets/d/1lU6viuXfay323Gl6zkH5itwmrUIUo9rAzalK_ntu-ZY/
Alaska,AK,2022,11/8/22,State Senate S,TRUE,"Hoffman, Lyman F.",Democratic,https://docs.google.com/spreadsheets/d/1lU6viuXfay323Gl6zkH5itwmrUIUo9rAzalK_ntu-ZY/
Alaska,AK,2022,11/8/22,US House,TRUE,"Peltola, Mary S.",Democratic,https://docs.google.com/spreadsheets/d/1lU6viuXfay323Gl6zkH5itwmrUIUo9rAzalK_ntu-ZY/
Alaska,AK,2022,8/16/22,US House special election,TRUE,Mary Peltola,Democratic,https://docs.google.com/spreadsheets/d/1lU6viuXfay323Gl6zkH5itwmrUIUo9rAzalK_ntu-ZY/
Alaska,AK,2022,11/8/22,US Senate,TRUE,"Murkowski, Lisa",Republican,https://docs.google.com/spreadsheets/d/1lU6viuXfay323Gl6zkH5itwmrUIUo9rAzalK_ntu-ZY/
Burlington,VT,2023,3/7/23,City Council Central District,TRUE,MELO GRANT,Progressive,https://docs.google.com/spreadsheets/d/1lU6viuXfay323Gl6zkH5itwmrUIUo9rAzalK_ntu-ZY/
Burlington,VT,2022,12/6/22,City Council East District,TRUE,Maea Brandt,Democratic,https://docs.google.com/spreadsheets/d/1lU6viuXfay323Gl6zkH5itwmrUIUo9rAzalK_ntu-ZY/
Burlington,VT,2023,3/7/23,City Council East District,TRUE,"TIMOTHY C. DOHERTY,JR",Democratic,https://docs.google.com/spreadsheets/d/1lU6viuXfay323Gl6zkH5itwmrUIUo9rAzalK_ntu-ZY/
Burlington,VT,2023,3/7/23,City Council North District,TRUE,MARK BARLOW,Independent,https://docs.google.com/spreadsheets/d/1lU6viuXfay323Gl6zkH5itwmrUIUo9rAzalK_ntu-ZY/
Burlington,VT,2023,3/7/23,City Council South District,TRUE,JOAN SHANNON,Democratic,https://docs.google.com/spreadsheets/d/1lU6viuXfay323Gl6zkH5itwmrUIUo9rAzalK_ntu-ZY/
Burlington,VT,2013,3/5/13,City Council Ward 1,FALSE,SHARON FOLEY BUSHOR,Independent,https://www.burlingtonvt.gov/sites/default/files/CT/ElectionResults/20130305/election_summary_report_20130305.pdf
Burlington,VT,2013,3/5/13,City Council Ward 2,FALSE,JANE KNODELL,Progressive,https://www.burlingtonvt.gov/sites/default/files/CT/ElectionResults/20130305/election_summary_report_20130305.pdf
Burlington,VT,2013,3/5/13,City Council Ward 3,FALSE,VINCE BRENNAN,Progressive,https://www.burlingtonvt.gov/sites/default/files/CT/ElectionResults/20130305/election_summary_report_20130305.pdf
Burlington,VT,2013,3/5/13,City Council Ward 4,FALSE,DAVE HARTNETT,Democratic,https://www.burlingtonvt.gov/sites/default/files/CT/ElectionResults/20130305/election_summary_report_20130305.pdf
Burlington,VT,2013,3/5/13,City Council Ward 5,FALSE,JOAN SHANNON,Democratic,https://www.burlingtonvt.gov/sites/default/files/CT/ElectionResults/20130305/election_summary_report_20130305.pdf
Burlington,VT,2013,3/5/13,City Council Ward 6,FALSE,NORMAN R. BLAIS,Democratic,https://www.burlingtonvt.gov/sites/default/files/CT/ElectionResults/20130305/election_summary_report_20130305.pdf
Burlington,VT,2013,3/5/13,City Council Ward 7,FALSE,TOM AYRES,Democratic,https://www.burlingtonvt.gov/sites/default/files/CT/ElectionResults/20130305/election_summary_report_20130305.pdf
Burlington,VT,2014,3/4/14,City Council Ward 1,FALSE,SELENE COLBURN,Progressive,https://www.burlingtonvt.gov/sites/default/files/CT/ElectionResults/20140304/election_summary_report_20140304.pdf
Burlington,VT,2014,3/4/14,City Council Ward 2,FALSE,MAX TRACY,Progressive,https://www.burlingtonvt.gov/sites/default/files/CT/ElectionResults/20140304/election_summary_report_20140304.pdf
Burlington,VT,2014,3/4/14,City Council Ward 3,FALSE,RACHEL SIEGEL,Progressive,https://www.burlingtonvt.gov/sites/default/files/CT/ElectionResults/20140304/election_summary_report_20140304.pdf
Burlington,VT,2014,3/4/14,City Council Ward 4,FALSE,KURT WRIGHT,Republican,https://www.burlingtonvt.gov/sites/default/files/CT/ElectionResults/20140304/election_summary_report_20140304.pdf
Burlington,VT,2014,3/4/14,City Council Ward 5,FALSE,"WILLIAM ""CHIP"" MASON",Democratic,https://www.burlingtonvt.gov/sites/default/files/CT/ElectionResults/20140304/election_summary_report_20140304.pdf
Burlington,VT,2014,3/4/14,City Council Ward 6,FALSE,KAREN PAUL,Democratic,https://www.burlingtonvt.gov/sites/default/files/CT/ElectionResults/20140304/election_summary_report_20140304.pdf
Burlington,VT,2014,3/4/14,City Council Ward 7,FALSE,BIANKA LEGRAND,Democratic,https://www.burlingtonvt.gov/sites/default/files/CT/ElectionResults/20140304/election_summary_report_20140304.pdf
Burlington,VT,2015,3/3/15,City Council Ward 1,FALSE,SHARON FOLEY BUSHOR,Independent,https://www.burlingtonvt.gov/sites/default/files/CT/ElectionResults/20150303/Statement%20of%20Votes%20Cast%202015-03-03.pdf
Burlington,VT,2015,3/3/15,City Council Ward 2,FALSE,MAX TRACY,Progressive,https://www.burlingtonvt.gov/sites/default/files/CT/ElectionResults/20150303/Statement%20of%20Votes%20Cast%202015-03-03.pdf
Burlington,VT,2015,3/3/15,City Council Ward 3,FALSE,Sara Giannoni,Progressive,https://www.burlingtonvt.gov/sites/default/files/CT/ElectionResults/20150303/Statement%20of%20Votes%20Cast%202015-03-03.pdf
Burlington,VT,2015,3/3/15,City Council Ward 4,FALSE,Kurt Wright,Republican,https://www.burlingtonvt.gov/sites/default/files/CT/ElectionResults/20150303/Statement%20of%20Votes%20Cast%202015-03-03.pdf
Burlington,VT,2015,3/3/15,City Council Ward 5,FALSE,"William ""Chip"" Mason",Democratic,https://www.burlingtonvt.gov/sites/default/files/CT/ElectionResults/20150303/Statement%20of%20Votes%20Cast%202015-03-03.pdf
Burlington,VT,2015,3/3/15,City Council Ward 6,FALSE,Karen Paul,Democratic,https://www.burlingtonvt.gov/sites/default/files/CT/ElectionResults/20150303/Statement%20of%20Votes%20Cast%202015-03-03.pdf
Burlington,VT,2015,3/3/15,City Council Ward 7,FALSE,Tom Ayres,Democratic,https://www.burlingtonvt.gov/sites/default/files/CT/ElectionResults/20150303/Statement%20of%20Votes%20Cast%202015-03-03.pdf
Burlington,VT,2015,3/3/15,City Council Ward 8,FALSE,ADAM ROOF,Independent,https://www.burlingtonvt.gov/sites/default/files/CT/ElectionResults/20150303/Statement%20of%20Votes%20Cast%202015-03-03.pdf
Burlington,VT,2015,3/3/15,City Council Central District,FALSE,Jane Knodell,Progressive,https://www.burlingtonvt.gov/CT/Elections/Results
Burlington,VT,2015,3/3/15,City Council East District,FALSE,Selene Colburn,Progressive,https://www.burlingtonvt.gov/CT/Elections/Results
Burlington,VT,2015,3/3/15,City Council North District,FALSE,Dave Hartnett,Independent,https://www.burlingtonvt.gov/CT/Elections/Results
Burlington,VT,2015,3/3/15,City Council South District,FALSE,Joan Shannon,Democratic,https://www.burlingtonvt.gov/CT/Elections/Results
Burlington,VT,2017,6/27/17,City Council Ward 7,FALSE,Ali Dieng,Independent,https://www.burlingtonvt.gov/sites/default/files/CT/Elections/20170627/Declaration%20of%20Elected%20Candidates%20-%20Signed.pdf
Burlington,VT,2017,3/7/17,City Council Central District,FALSE,JANE KNODELL,Progressive,https://www.burlingtonvt.gov/sites/default/files/CT/ElectionResults/20170307/ELECTION_SUMMARY_REPORT_20170307.pdf
Burlington,VT,2017,3/7/17,City Council East District,FALSE,RICHARD DEANE ,Democratic,https://www.burlingtonvt.gov/sites/default/files/CT/ElectionResults/20170307/ELECTION_SUMMARY_REPORT_20170307.pdf
Burlington,VT,2017,3/7/17,City Council North District,FALSE,DAVE HARTNETT,Independent,https://www.burlingtonvt.gov/sites/default/files/CT/ElectionResults/20170307/ELECTION_SUMMARY_REPORT_20170307.pdf
Burlington,VT,2017,3/7/17,City Council South District,FALSE,JOAN SHANNON,Democratic,https://www.burlingtonvt.gov/sites/default/files/CT/ElectionResults/20170307/ELECTION_SUMMARY_REPORT_20170307.pdf
Burlington,VT,2018,3/6/18,Mayor,FALSE,Miro Weinberger,Democratic,https://www.burlingtonvt.gov/sites/default/files/GEMS%20ELECTION%20SUMMARY%20REPORT%202018.pdf
Burlington,VT,2018,3/6/18,City Council Ward 1,FALSE,SHARON FOLEY BUSHOR,Independent,https://www.burlingtonvt.gov/sites/default/files/GEMS%20ELECTION%20SUMMARY%20REPORT%202018.pdf
Burlington,VT,2018,3/6/18,City Council Ward 2,FALSE,MAX TRACY ,Progressive,https://www.burlingtonvt.gov/sites/default/files/GEMS%20ELECTION%20SUMMARY%20REPORT%202018.pdf
Burlington,VT,2018,3/6/18,City Council Ward 3,FALSE,BRIAN PINE,Progressive,https://www.burlingtonvt.gov/sites/default/files/GEMS%20ELECTION%20SUMMARY%20REPORT%202018.pdf
Burlington,VT,2018,3/6/18,City Council Ward 4,FALSE,KURT WRIGHT,Republican,https://www.burlingtonvt.gov/sites/default/files/GEMS%20ELECTION%20SUMMARY%20REPORT%202018.pdf
Burlington,VT,2018,3/6/18,City Council Ward 5,FALSE,WILLIAM MASON ,Democratic,https://www.burlingtonvt.gov/sites/default/files/GEMS%20ELECTION%20SUMMARY%20REPORT%202018.pdf
Burlington,VT,2018,3/6/18,City Council Ward 6,FALSE,KAREN PAUL,Democratic,https://www.burlingtonvt.gov/sites/default/files/GEMS%20ELECTION%20SUMMARY%20REPORT%202018.pdf
Burlington,VT,2018,3/6/18,City Council Ward 7,FALSE,ALI DIENG ,Independent,https://www.burlingtonvt.gov/sites/default/files/GEMS%20ELECTION%20SUMMARY%20REPORT%202018.pdf
Burlington,VT,2018,3/6/18,City Council Ward 8,FALSE,ADAM ROOF,Democratic,https://www.burlingtonvt.gov/sites/default/files/GEMS%20ELECTION%20SUMMARY%20REPORT%202018.pdf
Burlington,VT,2019,3/5/19,City Council Central District,FALSE,Perri Freeman ,Progressive,https://www.burlingtonvt.gov/sites/default/files/Election%20Results%20-%20Candidates%20-%20SIGNED_0.pdf
Burlington,VT,2019,3/5/19,City Council East District,FALSE,Jack Hanson ,Progressive,https://www.burlingtonvt.gov/sites/default/files/Election%20Results%20-%20Candidates%20-%20SIGNED_0.pdf
Burlington,VT,2019,3/5/19,City Council North District,FALSE,Franklin Paulino ,Democratic,https://www.burlingtonvt.gov/sites/default/files/Election%20Results%20-%20Candidates%20-%20SIGNED_0.pdf
Burlington,VT,2019,3/5/19,City Council South District,FALSE,Joan Shannon,Democratic,https://www.burlingtonvt.gov/sites/default/files/Election%20Results%20-%20Candidates%20-%20SIGNED_0.pdf
Burlington,VT,2020,3/3/20,City Council Ward 1,FALSE,ZORAYA HIGHTOWER,Progressive,https://www.burlingtonvt.gov/sites/default/files/GEMS%20ELECTION%20SUMMARY%20REPORT_2.pdf
Burlington,VT,2020,3/3/20,City Council Ward 2,FALSE,MAX TRACY,Progressive,https://www.burlingtonvt.gov/sites/default/files/GEMS%20ELECTION%20SUMMARY%20REPORT_2.pdf
Burlington,VT,2020,3/3/20,City Council Ward 3,FALSE,BRIAN T PINE,Progressive,https://www.burlingtonvt.gov/sites/default/files/GEMS%20ELECTION%20SUMMARY%20REPORT_2.pdf
Burlington,VT,2020,3/3/20,City Council Ward 4,FALSE,SARAH CARPENTER,Democratic,https://www.burlingtonvt.gov/sites/default/files/GEMS%20ELECTION%20SUMMARY%20REPORT_2.pdf
Burlington,VT,2020,3/3/20,City Council Ward 5,FALSE,WILLIAM MASON,Democratic,https://www.burlingtonvt.gov/sites/default/files/GEMS%20ELECTION%20SUMMARY%20REPORT_2.pdf
Burlington,VT,2020,3/3/20,City Council Ward 6,FALSE,KAREN PAUL ,Democratic,https://www.burlingtonvt.gov/sites/default/files/GEMS%20ELECTION%20SUMMARY%20REPORT_2.pdf
Burlington,VT,2020,3/3/20,City Council Ward 7,FALSE,ALI DIENG,Independent,https://www.burlingtonvt.gov/sites/default/files/GEMS%20ELECTION%20SUMMARY%20REPORT_2.pdf
Burlington,VT,2020,3/3/20,City Council Ward 8,FALSE,Jane Stromberg,Progressive,https://www.burlingtonvt.gov/sites/default/files/GEMS%20ELECTION%20SUMMARY%20REPORT_2.pdf
Burlington,VT,2021,3/2/21,City Council Central District,FALSE,Perri Freeman ,Progressive,https://www.burlingtonvt.gov/sites/default/files/Election%20Results%20-%20Candidates%20-%20SIGNED_0.pdf
Burlington,VT,2021,3/2/21,City Council East District,FALSE,Jack Hanson ,Progressive,https://www.burlingtonvt.gov/sites/default/files/Election%20Results%20-%20Candidates%20-%20SIGNED_0.pdf
Burlington,VT,2021,3/2/21,City Council North District,FALSE,Mark Barlow,Independent,https://www.burlingtonvt.gov/sites/default/files/Election%20Results%20-%20Candidates%20-%20SIGNED_0.pdf
Burlington,VT,2021,3/2/21,City Council South District,FALSE,Joan Shannon,Democratic,https://www.burlingtonvt.gov/sites/default/files/Election%20Results%20-%20Candidates%20-%20SIGNED_0.pdf
Burlington,VT,2021,8/17/21,City Council Ward 3,FALSE,Joe Magee,Progressive,https://www.burlingtonvt.gov/sites/default/files/Ward%203%20Special%20City%20Council%20Election%20Results%20-%20Signed.pdf
Burlington,VT,2022,3/1/22,City Council Ward 1,FALSE,ZORAYA HIGHTOWER,Progressive,https://www.burlingtonvt.gov/sites/default/files/Unoffocial%20Summery%20ACE%202022%20-%20with%20VR.pdf
Burlington,VT,2022,3/1/22,City Council Ward 2,FALSE,GENE BERGMAN,Progressive,https://www.burlingtonvt.gov/sites/default/files/Unoffocial%20Summery%20ACE%202022%20-%20with%20VR.pdf
Burlington,VT,2022,3/1/22,City Council Ward 3,FALSE,JOE MAGEE,Progressive,https://www.burlingtonvt.gov/sites/default/files/Unoffocial%20Summery%20ACE%202022%20-%20with%20VR.pdf
Burlington,VT,2022,3/1/22,City Council Ward 4,FALSE,SARAH CARPENTER,Democratic,https://www.burlingtonvt.gov/sites/default/files/Unoffocial%20Summery%20ACE%202022%20-%20with%20VR.pdf
Burlington,VT,2022,3/1/22,City Council Ward 5,FALSE,BEN TRAVERSE ,Democratic,https://www.burlingtonvt.gov/sites/default/files/Unoffocial%20Summery%20ACE%202022%20-%20with%20VR.pdf
Burlington,VT,2022,3/1/22,City Council Ward 6,FALSE,KAREN PAUL,Democratic,https://www.burlingtonvt.gov/sites/default/files/Unoffocial%20Summery%20ACE%202022%20-%20with%20VR.pdf
Burlington,VT,2022,3/1/22,City Council Ward 7,FALSE,ALI DIENG ,Independent,https://www.burlingtonvt.gov/sites/default/files/Unoffocial%20Summery%20ACE%202022%20-%20with%20VR.pdf
Burlington,VT,2022,3/1/22,City Council Ward 8,FALSE,Ali House,Progressive,https://www.burlingtonvt.gov/sites/default/files/Unoffocial%20Summery%20ACE%202022%20-%20with%20VR.pdf
Burlington,VT,2021,3/2/21,Mayor,FALSE,Miro Weinberger,Democratic,https://www.burlingtonvt.gov/sites/default/files/GEMS%20ELECTION%20SUMMARY%20REPORT_2.pdf
Burlington,VT,2015,3/3/15,Mayor,FALSE,Miro Weinberger,Democratic,https://www.burlingtonvt.gov/sites/default/files/CT/ElectionResults/20150303/Statement%20of%20Votes%20Cast%202015-03-03.pdf
Burlington,VT,2006,3/7/06,Mayor,TRUE,Bob Kiss,Progressive,https://docs.google.com/spreadsheets/d/1lU6viuXfay323Gl6zkH5itwmrUIUo9rAzalK_ntu-ZY/
Burlington,VT,2009,3/3/09,Mayor,TRUE,Bob Kiss,Progressive,https://docs.google.com/spreadsheets/d/1lU6viuXfay323Gl6zkH5itwmrUIUo9rAzalK_ntu-ZY/
Maine,ME,2018,11/6/18,Congressional District 02,TRUE,Jared Golden,Democratic,https://docs.google.com/spreadsheets/d/1lU6viuXfay323Gl6zkH5itwmrUIUo9rAzalK_ntu-ZY/
Maine,ME,2020,11/3/20,President CD1,TRUE,Joe Biden,Democratic,https://docs.google.com/spreadsheets/d/1lU6viuXfay323Gl6zkH5itwmrUIUo9rAzalK_ntu-ZY/
Maine,ME,2020,11/3/20,President CD2,TRUE,Donald Trump,Republican,https://docs.google.com/spreadsheets/d/1lU6viuXfay323Gl6zkH5itwmrUIUo9rAzalK_ntu-ZY/
Maine,ME,2020,11/3/20,President Statewide,TRUE,Joe Biden,Democratic,https://docs.google.com/spreadsheets/d/1lU6viuXfay323Gl6zkH5itwmrUIUo9rAzalK_ntu-ZY/
Maine,ME,2022,11/8/22,"US House, District ME-02",TRUE,Jared Golden,Democratic,https://docs.google.com/spreadsheets/d/1lU6viuXfay323Gl6zkH5itwmrUIUo9rAzalK_ntu-ZY/
Maine,ME,2020,11/3/20,US Senate,TRUE,Susan Collins,Republican,https://docs.google.com/spreadsheets/d/1lU6viuXfay323Gl6zkH5itwmrUIUo9rAzalK_ntu-ZY/
Minneapolis,MN,2009,11/6/09,City Council Ward 01,TRUE,Kevin Reich,Democratic,https://docs.google.com/spreadsheets/d/1lU6viuXfay323Gl6zkH5itwmrUIUo9rAzalK_ntu-ZY/
Minneapolis,MN,2013,11/5/13,City Council Ward 01,TRUE,Kevin Reich,Democratic,https://docs.google.com/spreadsheets/d/1lU6viuXfay323Gl6zkH5itwmrUIUo9rAzalK_ntu-ZY/
Minneapolis,MN,2017,11/7/17,City Council Ward 01,TRUE,Kevin Reich,Democratic,https://docs.google.com/spreadsheets/d/1lU6viuXfay323Gl6zkH5itwmrUIUo9rAzalK_ntu-ZY/
Minneapolis,MN,2021,11/2/21,City Council Ward 01,TRUE,Elliott Payne,Democratic,https://docs.google.com/spreadsheets/d/1lU6viuXfay323Gl6zkH5itwmrUIUo9rAzalK_ntu-ZY/
Minneapolis,MN,2009,11/6/09,City Council Ward 02,TRUE,CaMGordon,Green,https://docs.google.com/spreadsheets/d/1lU6viuXfay323Gl6zkH5itwmrUIUo9rAzalK_ntu-ZY/
Minneapolis,MN,2013,11/5/13,City Council Ward 02,TRUE,CaMGordon,Green,https://docs.google.com/spreadsheets/d/1lU6viuXfay323Gl6zkH5itwmrUIUo9rAzalK_ntu-ZY/
Minneapolis,MN,2017,11/7/17,City Council Ward 02,TRUE,Cam Gordon,Green,https://docs.google.com/spreadsheets/d/1lU6viuXfay323Gl6zkH5itwmrUIUo9rAzalK_ntu-ZY/
Minneapolis,MN,2021,11/2/21,City Council Ward 02,TRUE,Robin Wonsley Worlobah,Democratic Socialist,https://docs.google.com/spreadsheets/d/1lU6viuXfay323Gl6zkH5itwmrUIUo9rAzalK_ntu-ZY/
Minneapolis,MN,2009,11/6/09,City Council Ward 03,TRUE,Diane Hofstede,Democratic,https://docs.google.com/spreadsheets/d/1lU6viuXfay323Gl6zkH5itwmrUIUo9rAzalK_ntu-ZY/
Minneapolis,MN,2013,11/5/13,City Council Ward 03,TRUE,Jacob Frey,Democratic,https://docs.google.com/spreadsheets/d/1lU6viuXfay323Gl6zkH5itwmrUIUo9rAzalK_ntu-ZY/
Minneapolis,MN,2017,11/7/17,City Council Ward 03,TRUE,Steve Fletcher,Democratic,https://docs.google.com/spreadsheets/d/1lU6viuXfay323Gl6zkH5itwmrUIUo9rAzalK_ntu-ZY/
Minneapolis,MN,2021,11/2/21,City Council Ward 03,TRUE,Michael Rainville,Democratic,https://docs.google.com/spreadsheets/d/1lU6viuXfay323Gl6zkH5itwmrUIUo9rAzalK_ntu-ZY/
Minneapolis,MN,2009,11/6/09,City Council Ward 04,TRUE,"Barbara A. ""Barb"" Johnson",Democratic,https://docs.google.com/spreadsheets/d/1lU6viuXfay323Gl6zkH5itwmrUIUo9rAzalK_ntu-ZY/
Minneapolis,MN,2013,11/5/13,City Council Ward 04,TRUE,"Barbara A. ""Barb"" Johnson",Democratic,https://docs.google.com/spreadsheets/d/1lU6viuXfay323Gl6zkH5itwmrUIUo9rAzalK_ntu-ZY/
Minneapolis,MN,2017,11/7/17,City Council Ward 04,TRUE,Phillipe M. Cunningham,Democratic,https://docs.google.com/spreadsheets/d/1lU6viuXfay323Gl6zkH5itwmrUIUo9rAzalK_ntu-ZY/
Minneapolis,MN,2021,11/2/21,City Council Ward 04,TRUE,LaTrisha Vetaw,Democratic,https://docs.google.com/spreadsheets/d/1lU6viuXfay323Gl6zkH5itwmrUIUo9rAzalK_ntu-ZY/
Minneapolis,MN,2009,11/6/09,City Council Ward 05,TRUE,Don Samuels,Democratic,https://docs.google.com/spreadsheets/d/1lU6viuXfay323Gl6zkH5itwmrUIUo9rAzalK_ntu-ZY/
Minneapolis,MN,2013,11/5/13,City Council Ward 05,TRUE,Blong Yang,Democratic,https://docs.google.com/spreadsheets/d/1lU6viuXfay323Gl6zkH5itwmrUIUo9rAzalK_ntu-ZY/
Minneapolis,MN,2017,11/7/17,City Council Ward 05,TRUE,Jeremiah Ellison,Democratic,https://docs.google.com/spreadsheets/d/1lU6viuXfay323Gl6zkH5itwmrUIUo9rAzalK_ntu-ZY/
Minneapolis,MN,2021,11/2/21,City Council Ward 05,TRUE,Jeremiah Ellison,Democratic,https://docs.google.com/spreadsheets/d/1lU6viuXfay323Gl6zkH5itwmrUIUo9rAzalK_ntu-ZY/
Minneapolis,MN,2009,11/6/09,City Council Ward 06,TRUE,Robert Lilligren,Democratic,https://docs.google.com/spreadsheets/d/1lU6viuXfay323Gl6zkH5itwmrUIUo9rAzalK_ntu-ZY/
Minneapolis,MN,2013,11/5/13,City Council Ward 06,TRUE,Abdi Warsame,Democratic,https://docs.google.com/spreadsheets/d/1lU6viuXfay323Gl6zkH5itwmrUIUo9rAzalK_ntu-ZY/
Minneapolis,MN,2017,11/7/17,City Council Ward 06,TRUE,Abdi Warsame,Democratic,https://docs.google.com/spreadsheets/d/1lU6viuXfay323Gl6zkH5itwmrUIUo9rAzalK_ntu-ZY/
Minneapolis,MN,2021,11/2/21,City Council Ward 06,TRUE,Jamal Osman,Democratic,https://docs.google.com/spreadsheets/d/1lU6viuXfay323Gl6zkH5itwmrUIUo9rAzalK_ntu-ZY/
Minneapolis,MN,2020,8/11/20,City Council Ward 06 Special,TRUE,Jamal Osman,Democratic,https://docs.google.com/spreadsheets/d/1lU6viuXfay323Gl6zkH5itwmrUIUo9rAzalK_ntu-ZY/
Minneapolis,MN,2009,11/6/09,City Council Ward 07,TRUE,Lisa Goodman,Democratic,https://docs.google.com/spreadsheets/d/1lU6viuXfay323Gl6zkH5itwmrUIUo9rAzalK_ntu-ZY/
Minneapolis,MN,2013,11/5/13,City Council Ward 07,TRUE,Lisa Goodman,Democratic,https://docs.google.com/spreadsheets/d/1lU6viuXfay323Gl6zkH5itwmrUIUo9rAzalK_ntu-ZY/
Minneapolis,MN,2017,11/7/17,City Council Ward 07,TRUE,Lisa Goodman,Democratic,https://docs.google.com/spreadsheets/d/1lU6viuXfay323Gl6zkH5itwmrUIUo9rAzalK_ntu-ZY/
Minneapolis,MN,2021,11/2/21,City Council Ward 07,TRUE,Lisa Goodman,Democratic,https://docs.google.com/spreadsheets/d/1lU6viuXfay323Gl6zkH5itwmrUIUo9rAzalK_ntu-ZY/
Minneapolis,MN,2009,11/6/09,City Council Ward 08,TRUE,Elizabeth Glidden,Democratic,https://docs.google.com/spreadsheets/d/1lU6viuXfay323Gl6zkH5itwmrUIUo9rAzalK_ntu-ZY/
Minneapolis,MN,2013,11/5/13,City Council Ward 08,TRUE,Elizabeth Glidden,Democratic,https://docs.google.com/spreadsheets/d/1lU6viuXfay323Gl6zkH5itwmrUIUo9rAzalK_ntu-ZY/
Minneapolis,MN,2017,11/7/17,City Council Ward 08,TRUE,Andrea Jenkins,Democratic,https://docs.google.com/spreadsheets/d/1lU6viuXfay323Gl6zkH5itwmrUIUo9rAzalK_ntu-ZY/
Minneapolis,MN,2021,11/2/21,City Council Ward 08,TRUE,Andrea Jenkins,Democratic,https://docs.google.com/spreadsheets/d/1lU6viuXfay323Gl6zkH5itwmrUIUo9rAzalK_ntu-ZY/
Minneapolis,MN,2009,11/6/09,City Council Ward 09,TRUE,Gary Schiff,Democratic,https://docs.google.com/spreadsheets/d/1lU6viuXfay323Gl6zkH5itwmrUIUo9rAzalK_ntu-ZY/
Minneapolis,MN,2013,11/5/13,City Council Ward 09,TRUE,Alondra Cano,Democratic,https://docs.google.com/spreadsheets/d/1lU6viuXfay323Gl6zkH5itwmrUIUo9rAzalK_ntu-ZY/
Minneapolis,MN,2017,11/7/17,City Council Ward 09,TRUE,Alondra Cano,Democratic,https://docs.google.com/spreadsheets/d/1lU6viuXfay323Gl6zkH5itwmrUIUo9rAzalK_ntu-ZY/
Minneapolis,MN,2021,11/2/21,City Council Ward 09,TRUE,Jason Chavez,Democratic,https://docs.google.com/spreadsheets/d/1lU6viuXfay323Gl6zkH5itwmrUIUo9rAzalK_ntu-ZY/
Minneapolis,MN,2009,11/6/09,City Council Ward 10,TRUE,Meg Tuthill,Democratic,https://docs.google.com/spreadsheets/d/1lU6viuXfay323Gl6zkH5itwmrUIUo9rAzalK_ntu-ZY/
Minneapolis,MN,2013,11/5/13,City Council Ward 10,TRUE,Lisa Bender,Democratic,https://docs.google.com/spreadsheets/d/1lU6viuXfay323Gl6zkH5itwmrUIUo9rAzalK_ntu-ZY/
Minneapolis,MN,2017,11/7/17,City Council Ward 10,TRUE,Lisa Bender,Democratic,https://docs.google.com/spreadsheets/d/1lU6viuXfay323Gl6zkH5itwmrUIUo9rAzalK_ntu-ZY/
Minneapolis,MN,2021,11/2/21,City Council Ward 10,TRUE,Aisha Chughtai,Democratic,https://docs.google.com/spreadsheets/d/1lU6viuXfay323Gl6zkH5itwmrUIUo9rAzalK_ntu-ZY/
Minneapolis,MN,2009,11/6/09,City Council Ward 11,TRUE,John Quincy,Democratic,https://docs.google.com/spreadsheets/d/1lU6viuXfay323Gl6zkH5itwmrUIUo9rAzalK_ntu-ZY/
Minneapolis,MN,2013,11/5/13,City Council Ward 11,TRUE,John Quincy,Democratic,https://docs.google.com/spreadsheets/d/1lU6viuXfay323Gl6zkH5itwmrUIUo9rAzalK_ntu-ZY/
Minneapolis,MN,2017,11/7/17,City Council Ward 11,TRUE,Jeremy Schroeder,Democratic,https://docs.google.com/spreadsheets/d/1lU6viuXfay323Gl6zkH5itwmrUIUo9rAzalK_ntu-ZY/
Minneapolis,MN,2021,11/2/21,City Council Ward 11,TRUE,Emily Koski,Democratic,https://docs.google.com/spreadsheets/d/1lU6viuXfay323Gl6zkH5itwmrUIUo9rAzalK_ntu-ZY/
Minneapolis,MN,2009,11/6/09,City Council Ward 12,TRUE,Sandy Colvin Roy,Democratic,https://docs.google.com/spreadsheets/d/1lU6viuXfay323Gl6zkH5itwmrUIUo9rAzalK_ntu-ZY/
Minneapolis,MN,2013,11/5/13,City Council Ward 12,TRUE,Andrew Johnson,Democratic,https://docs.google.com/spreadsheets/d/1lU6viuXfay323Gl6zkH5itwmrUIUo9rAzalK_ntu-ZY/
Minneapolis,MN,2017,11/7/17,City Council Ward 12,TRUE,Andrew Johnson,Democratic,https://docs.google.com/spreadsheets/d/1lU6viuXfay323Gl6zkH5itwmrUIUo9rAzalK_ntu-ZY/
Minneapolis,MN,2021,11/2/21,City Council Ward 12,TRUE,Andrew Johnson,Democratic,https://docs.google.com/spreadsheets/d/1lU6viuXfay323Gl6zkH5itwmrUIUo9rAzalK_ntu-ZY/
Minneapolis,MN,2009,11/6/09,City Council Ward 13,TRUE,Betsy Hodges,Democratic,https://docs.google.com/spreadsheets/d/1lU6viuXfay323Gl6zkH5itwmrUIUo9rAzalK_ntu-ZY/
Minneapolis,MN,2013,11/5/13,City Council Ward 13,TRUE,Linea Palmisano,Democratic,https://docs.google.com/spreadsheets/d/1lU6viuXfay323Gl6zkH5itwmrUIUo9rAzalK_ntu-ZY/
Minneapolis,MN,2017,11/7/17,City Council Ward 13,TRUE,Linea Palmisano,Democratic,https://docs.google.com/spreadsheets/d/1lU6viuXfay323Gl6zkH5itwmrUIUo9rAzalK_ntu-ZY/
Minneapolis,MN,2021,11/2/21,City Council Ward 13,TRUE,Linea Palmisano,Democratic,https://docs.google.com/spreadsheets/d/1lU6viuXfay323Gl6zkH5itwmrUIUo9rAzalK_ntu-ZY/
Minneapolis,MN,2009,11/6/09,Mayor,TRUE,R.T. Rybak,Democratic,https://docs.google.com/spreadsheets/d/1lU6viuXfay323Gl6zkH5itwmrUIUo9rAzalK_ntu-ZY/
Minneapolis,MN,2013,11/5/13,Mayor,TRUE,Betsy Hodges,Democratic,https://docs.google.com/spreadsheets/d/1lU6viuXfay323Gl6zkH5itwmrUIUo9rAzalK_ntu-ZY/
Minneapolis,MN,2017,11/7/17,Mayor,TRUE,Jacob Frey,Democratic,https://docs.google.com/spreadsheets/d/1lU6viuXfay323Gl6zkH5itwmrUIUo9rAzalK_ntu-ZY/
Minneapolis,MN,2021,11/2/21,Mayor,TRUE,Jacob Frey,Democratic,https://docs.google.com/spreadsheets/d/1lU6viuXfay323Gl6zkH5itwmrUIUo9rAzalK_ntu-ZY/
New York City,NY,2021,3/23/21,City Council District 11 special,TRUE,Eric Dinowitz,Democratic,https://docs.google.com/spreadsheets/d/1lU6viuXfay323Gl6zkH5itwmrUIUo9rAzalK_ntu-ZY/
New York City,NY,2021,3/23/21,City Council District 15 special,TRUE,Oswald Feliz,Democratic,https://docs.google.com/spreadsheets/d/1lU6viuXfay323Gl6zkH5itwmrUIUo9rAzalK_ntu-ZY/
New York City,NY,2021,2/2/21,City Council District 24 special,TRUE,James Gennaro,Democratic,https://docs.google.com/spreadsheets/d/1lU6viuXfay323Gl6zkH5itwmrUIUo9rAzalK_ntu-ZY/
New York City,NY,2021,2/23/21,City Council District 31 special,TRUE,Selvena Brooks-Powers,Democratic,https://docs.google.com/spreadsheets/d/1lU6viuXfay323Gl6zkH5itwmrUIUo9rAzalK_ntu-ZY/
North Carolina,NC,2010,11/2/10,Court of Appeals Judge,TRUE,Doug McCullough,Republican,https://docs.google.com/spreadsheets/d/1lU6viuXfay323Gl6zkH5itwmrUIUo9rAzalK_ntu-ZY/
North Carolina,NC,2010,11/2/10,"Superior Court Judge, District 12A",TRUE,Claire Hill,Democratic,https://docs.google.com/spreadsheets/d/1lU6viuXfay323Gl6zkH5itwmrUIUo9rAzalK_ntu-ZY/
North Carolina,NC,2010,11/2/10,"Superior Court Judge, District 19C",TRUE,Anna Mills Wagoner,Republican,https://docs.google.com/spreadsheets/d/1lU6viuXfay323Gl6zkH5itwmrUIUo9rAzalK_ntu-ZY/
North Carolina,NC,2010,11/2/10,"Superior Court Judge, District 28",TRUE,Marvin Pope,Democratic,https://docs.google.com/spreadsheets/d/1lU6viuXfay323Gl6zkH5itwmrUIUo9rAzalK_ntu-ZY/
Oakland,CA,2012,11/6/12,City Attorney,TRUE,Barbara J. Parker,Democratic,https://docs.google.com/spreadsheets/d/1lU6viuXfay323Gl6zkH5itwmrUIUo9rAzalK_ntu-ZY/
Oakland,CA,2016,11/8/16,City Attorney,TRUE,Barbara J. Parker,Democratic,https://docs.google.com/spreadsheets/d/1lU6viuXfay323Gl6zkH5itwmrUIUo9rAzalK_ntu-ZY/
Oakland,CA,2012,11/6/12,City Council AL,TRUE,Rebecca Kaplan,Democratic,https://docs.google.com/spreadsheets/d/1lU6viuXfay323Gl6zkH5itwmrUIUo9rAzalK_ntu-ZY/
Oakland,CA,2016,11/8/16,City Council AL,TRUE,Rebecca Kaplan,Democratic,https://docs.google.com/spreadsheets/d/1lU6viuXfay323Gl6zkH5itwmrUIUo9rAzalK_ntu-ZY/
Oakland,CA,2012,11/6/12,City Council District 01,TRUE,Dan Kalb,Democratic,https://docs.google.com/spreadsheets/d/1lU6viuXfay323Gl6zkH5itwmrUIUo9rAzalK_ntu-ZY/
Oakland,CA,2016,11/8/16,City Council District 01,TRUE,Dan Kalb,Democratic,https://docs.google.com/spreadsheets/d/1lU6viuXfay323Gl6zkH5itwmrUIUo9rAzalK_ntu-ZY/
Oakland,CA,2012,11/6/12,City Council District 03,TRUE,Lynette Gibson-McElhaney,Democratic,https://docs.google.com/spreadsheets/d/1lU6viuXfay323Gl6zkH5itwmrUIUo9rAzalK_ntu-ZY/
Oakland,CA,2016,11/8/16,City Council District 03,TRUE,Lynette Gibson-McElhaney,Democratic,https://docs.google.com/spreadsheets/d/1lU6viuXfay323Gl6zkH5itwmrUIUo9rAzalK_ntu-ZY/
Oakland,CA,2012,11/6/12,City Council District 05,TRUE,Noel Gallo,Democratic,https://docs.google.com/spreadsheets/d/1lU6viuXfay323Gl6zkH5itwmrUIUo9rAzalK_ntu-ZY/
Oakland,CA,2016,11/8/16,City Council District 05,TRUE,Noel Gallo,Democratic,https://docs.google.com/spreadsheets/d/1lU6viuXfay323Gl6zkH5itwmrUIUo9rAzalK_ntu-ZY/
Oakland,CA,2012,11/6/12,City Council District 07,TRUE,Larry E. Reid,Democratic,https://docs.google.com/spreadsheets/d/1lU6viuXfay323Gl6zkH5itwmrUIUo9rAzalK_ntu-ZY/
Oakland,CA,2016,11/8/16,City Council District 07,TRUE,Larry E. Reid,Democratic,https://docs.google.com/spreadsheets/d/1lU6viuXfay323Gl6zkH5itwmrUIUo9rAzalK_ntu-ZY/
Pierce County,WA,2008,11/4/08,County Council District 02,TRUE,Joyce McDonald,Republican,https://docs.google.com/spreadsheets/d/1lU6viuXfay323Gl6zkH5itwmrUIUo9rAzalK_ntu-ZY/
Pierce County,WA,2008,11/4/08,County Council District 03,TRUE,Roger Bush,Republican,https://docs.google.com/spreadsheets/d/1lU6viuXfay323Gl6zkH5itwmrUIUo9rAzalK_ntu-ZY/
Pierce County,WA,2008,11/4/08,County Council District 04,TRUE,Timothy M. Farrell,Democratic,https://docs.google.com/spreadsheets/d/1lU6viuXfay323Gl6zkH5itwmrUIUo9rAzalK_ntu-ZY/
Pierce County,WA,2008,11/4/08,County Council District 06,TRUE,Richard Muri,Republican,https://docs.google.com/spreadsheets/d/1lU6viuXfay323Gl6zkH5itwmrUIUo9rAzalK_ntu-ZY/
Pierce County,WA,2008,11/4/08,County Executive Member,TRUE,Pat McCarthy,Democratic,https://docs.google.com/spreadsheets/d/1lU6viuXfay323Gl6zkH5itwmrUIUo9rAzalK_ntu-ZY/
San Francisco,CA,2005,11/8/05,Assessor-Recorder,TRUE,Phil Ting,Democratic,https://docs.google.com/spreadsheets/d/1lU6viuXfay323Gl6zkH5itwmrUIUo9rAzalK_ntu-ZY/
San Francisco,CA,2006,11/7/06,Assessor-Recorder,TRUE,Phil Ting,Democratic,https://docs.google.com/spreadsheets/d/1lU6viuXfay323Gl6zkH5itwmrUIUo9rAzalK_ntu-ZY/
San Francisco,CA,2010,11/2/10,Assessor-Recorder,TRUE,Phil Ting,Democratic,https://docs.google.com/spreadsheets/d/1lU6viuXfay323Gl6zkH5itwmrUIUo9rAzalK_ntu-ZY/
San Francisco,CA,2013,11/5/13,Assessor-Recorder,TRUE,Carmen Chu,Democratic,https://docs.google.com/spreadsheets/d/1lU6viuXfay323Gl6zkH5itwmrUIUo9rAzalK_ntu-ZY/
San Francisco,CA,2014,11/4/14,Assessor-Recorder,TRUE,Carmen Chu,Democratic,https://docs.google.com/spreadsheets/d/1lU6viuXfay323Gl6zkH5itwmrUIUo9rAzalK_ntu-ZY/
San Francisco,CA,2018,11/6/18,Assessor-Recorder,TRUE,Carmen Chu,Democratic,https://docs.google.com/spreadsheets/d/1lU6viuXfay323Gl6zkH5itwmrUIUo9rAzalK_ntu-ZY/
San Francisco,CA,2004,11/5/04,Board of Supervisors District 01,TRUE,Jake McGoldrick,Democratic,https://docs.google.com/spreadsheets/d/1lU6viuXfay323Gl6zkH5itwmrUIUo9rAzalK_ntu-ZY/
San Francisco,CA,2008,11/4/08,Board of Supervisors District 01,TRUE,Eric Mar,Democratic,https://docs.google.com/spreadsheets/d/1lU6viuXfay323Gl6zkH5itwmrUIUo9rAzalK_ntu-ZY/
San Francisco,CA,2012,11/6/12,Board of Supervisors District 01,TRUE,Eric Mar,Democratic,https://docs.google.com/spreadsheets/d/1lU6viuXfay323Gl6zkH5itwmrUIUo9rAzalK_ntu-ZY/
San Francisco,CA,2016,11/8/16,Board of Supervisors District 01,TRUE,Sandra Lee Fewer,Democratic,https://docs.google.com/spreadsheets/d/1lU6viuXfay323Gl6zkH5itwmrUIUo9rAzalK_ntu-ZY/
San Francisco,CA,2020,11/3/20,Board of Supervisors District 01,TRUE,Connie Chan,Democratic,https://docs.google.com/spreadsheets/d/1lU6viuXfay323Gl6zkH5itwmrUIUo9rAzalK_ntu-ZY/
San Francisco,CA,2004,11/2/04,Board of Supervisors District 02,TRUE,Michela Alioto-Pier,Democratic,https://docs.google.com/spreadsheets/d/1lU6viuXfay323Gl6zkH5itwmrUIUo9rAzalK_ntu-ZY/
San Francisco,CA,2006,11/7/06,Board of Supervisors District 02,TRUE,Michela Alioto-Pier,Democratic,https://docs.google.com/spreadsheets/d/1lU6viuXfay323Gl6zkH5itwmrUIUo9rAzalK_ntu-ZY/
San Francisco,CA,2010,11/2/10,Board of Supervisors District 02,TRUE,Mark E. Farrell,Democratic,https://docs.google.com/spreadsheets/d/1lU6viuXfay323Gl6zkH5itwmrUIUo9rAzalK_ntu-ZY/
San Francisco,CA,2014,11/4/14,Board of Supervisors District 02,TRUE,Mark Farrell,Democratic,https://docs.google.com/spreadsheets/d/1lU6viuXfay323Gl6zkH5itwmrUIUo9rAzalK_ntu-ZY/
San Francisco,CA,2018,11/6/18,Board of Supervisors District 02,TRUE,Catherine Stefani,Democratic,https://docs.google.com/spreadsheets/d/1lU6viuXfay323Gl6zkH5itwmrUIUo9rAzalK_ntu-ZY/
San Francisco,CA,2004,11/2/04,Board of Supervisors District 03,TRUE,Aaron Peskin,Democratic,https://docs.google.com/spreadsheets/d/1lU6viuXfay323Gl6zkH5itwmrUIUo9rAzalK_ntu-ZY/
San Francisco,CA,2008,11/4/08,Board of Supervisors District 03,TRUE,David Chiu,Democratic,https://docs.google.com/spreadsheets/d/1lU6viuXfay323Gl6zkH5itwmrUIUo9rAzalK_ntu-ZY/
San Francisco,CA,2012,11/6/12,Board of Supervisors District 03,TRUE,David Chiu,Democratic,https://docs.google.com/spreadsheets/d/1lU6viuXfay323Gl6zkH5itwmrUIUo9rAzalK_ntu-ZY/
San Francisco,CA,2015,11/3/15,Board of Supervisors District 03,TRUE,Aaron Peskin,Democratic,https://docs.google.com/spreadsheets/d/1lU6viuXfay323Gl6zkH5itwmrUIUo9rAzalK_ntu-ZY/
San Francisco,CA,2016,11/8/16,Board of Supervisors District 03,TRUE,Aaron Peskin,Democratic,https://docs.google.com/spreadsheets/d/1lU6viuXfay323Gl6zkH5itwmrUIUo9rAzalK_ntu-ZY/
San Francisco,CA,2020,11/3/20,Board of Supervisors District 03,TRUE,Aaron Peskin,Democratic,https://docs.google.com/spreadsheets/d/1lU6viuXfay323Gl6zkH5itwmrUIUo9rAzalK_ntu-ZY/
San Francisco,CA,2006,11/7/06,Board of Supervisors District 04,TRUE,Ed Jew,Democratic,https://docs.google.com/spreadsheets/d/1lU6viuXfay323Gl6zkH5itwmrUIUo9rAzalK_ntu-ZY/
San Francisco,CA,2008,11/4/08,Board of Supervisors District 04,TRUE,Carmen Chu,Democratic,https://docs.google.com/spreadsheets/d/1lU6viuXfay323Gl6zkH5itwmrUIUo9rAzalK_ntu-ZY/
San Francisco,CA,2010,11/2/10,Board of Supervisors District 04,TRUE,Carmen Chu,Democratic,https://docs.google.com/spreadsheets/d/1lU6viuXfay323Gl6zkH5itwmrUIUo9rAzalK_ntu-ZY/
San Francisco,CA,2013,11/5/13,Board of Supervisors District 04,TRUE,Katy Tang,Democratic,https://docs.google.com/spreadsheets/d/1lU6viuXfay323Gl6zkH5itwmrUIUo9rAzalK_ntu-ZY/
San Francisco,CA,2014,11/4/14,Board of Supervisors District 04,TRUE,Katy Tang,Democratic,https://docs.google.com/spreadsheets/d/1lU6viuXfay323Gl6zkH5itwmrUIUo9rAzalK_ntu-ZY/
San Francisco,CA,2018,11/6/18,Board of Supervisors District 04,TRUE,Gordon Mar,Democratic,https://docs.google.com/spreadsheets/d/1lU6viuXfay323Gl6zkH5itwmrUIUo9rAzalK_ntu-ZY/
San Francisco,CA,2004,11/2/04,Board of Supervisors District 05,TRUE,Ross Mirkarimi,Democratic,https://docs.google.com/spreadsheets/d/1lU6viuXfay323Gl6zkH5itwmrUIUo9rAzalK_ntu-ZY/
San Francisco,CA,2008,11/4/08,Board of Supervisors District 05,TRUE,Ross Mirkarimi,Democratic,https://docs.google.com/spreadsheets/d/1lU6viuXfay323Gl6zkH5itwmrUIUo9rAzalK_ntu-ZY/
San Francisco,CA,2012,11/6/12,Board of Supervisors District 05,TRUE,London Breed,Democratic,https://docs.google.com/spreadsheets/d/1lU6viuXfay323Gl6zkH5itwmrUIUo9rAzalK_ntu-ZY/
San Francisco,CA,2016,11/8/16,Board of Supervisors District 05,TRUE,London Breed,Democratic,https://docs.google.com/spreadsheets/d/1lU6viuXfay323Gl6zkH5itwmrUIUo9rAzalK_ntu-ZY/
San Francisco,CA,2019,11/5/19,Board of Supervisors District 05,TRUE,Dean Preston,Democratic,https://docs.google.com/spreadsheets/d/1lU6viuXfay323Gl6zkH5itwmrUIUo9rAzalK_ntu-ZY/
San Francisco,CA,2020,11/3/20,Board of Supervisors District 05,TRUE,Dean Preston,Democratic,https://docs.google.com/spreadsheets/d/1lU6viuXfay323Gl6zkH5itwmrUIUo9rAzalK_ntu-ZY/
San Francisco,CA,2006,11/7/06,Board of Supervisors District 06,TRUE,Chris Daly,Democratic,https://docs.google.com/spreadsheets/d/1lU6viuXfay323Gl6zkH5itwmrUIUo9rAzalK_ntu-ZY/
San Francisco,CA,2010,11/2/10,Board of Supervisors District 06,TRUE,Jane Kim,Democratic,https://docs.google.com/spreadsheets/d/1lU6viuXfay323Gl6zkH5itwmrUIUo9rAzalK_ntu-ZY/
San Francisco,CA,2014,11/4/14,Board of Supervisors District 06,TRUE,Jane Kim,Democratic,https://docs.google.com/spreadsheets/d/1lU6viuXfay323Gl6zkH5itwmrUIUo9rAzalK_ntu-ZY/
San Francisco,CA,2018,11/6/18,Board of Supervisors District 06,TRUE,Matt Haney,Democratic,https://docs.google.com/spreadsheets/d/1lU6viuXfay323Gl6zkH5itwmrUIUo9rAzalK_ntu-ZY/
San Francisco,CA,2004,11/2/04,Board of Supervisors District 07,TRUE,Sean R Elsbernd,Democratic,https://docs.google.com/spreadsheets/d/1lU6viuXfay323Gl6zkH5itwmrUIUo9rAzalK_ntu-ZY/
San Francisco,CA,2008,11/4/08,Board of Supervisors District 07,TRUE,Sean R Elsbernd,Democratic,https://docs.google.com/spreadsheets/d/1lU6viuXfay323Gl6zkH5itwmrUIUo9rAzalK_ntu-ZY/
San Francisco,CA,2012,11/6/12,Board of Supervisors District 07,TRUE,Norman Yee,Democratic,https://docs.google.com/spreadsheets/d/1lU6viuXfay323Gl6zkH5itwmrUIUo9rAzalK_ntu-ZY/
San Francisco,CA,2016,11/8/16,Board of Supervisors District 07,TRUE,Norman Yee,Democratic,https://docs.google.com/spreadsheets/d/1lU6viuXfay323Gl6zkH5itwmrUIUo9rAzalK_ntu-ZY/
San Francisco,CA,2020,11/3/20,Board of Supervisors District 07,TRUE,Myrna Melgar,Democratic,https://docs.google.com/spreadsheets/d/1lU6viuXfay323Gl6zkH5itwmrUIUo9rAzalK_ntu-ZY/
San Francisco,CA,2006,11/7/06,Board of Supervisors District 08,TRUE,Bevan Dufty,Democratic,https://docs.google.com/spreadsheets/d/1lU6viuXfay323Gl6zkH5itwmrUIUo9rAzalK_ntu-ZY/
San Francisco,CA,2010,11/2/10,Board of Supervisors District 08,TRUE,Scott Wiener,Democratic,https://docs.google.com/spreadsheets/d/1lU6viuXfay323Gl6zkH5itwmrUIUo9rAzalK_ntu-ZY/
San Francisco,CA,2014,11/4/14,Board of Supervisors District 08,TRUE,Scott Wiener,Democratic,https://docs.google.com/spreadsheets/d/1lU6viuXfay323Gl6zkH5itwmrUIUo9rAzalK_ntu-ZY/
San Francisco,CA,2018,11/6/18,Board of Supervisors District 08,TRUE,Rafael Mandelman,Democratic,https://docs.google.com/spreadsheets/d/1lU6viuXfay323Gl6zkH5itwmrUIUo9rAzalK_ntu-ZY/
San Francisco,CA,2018,6/5/18,Board of Supervisors District 08 special,TRUE,Rafael Mandelman,Democratic,https://docs.google.com/spreadsheets/d/1lU6viuXfay323Gl6zkH5itwmrUIUo9rAzalK_ntu-ZY/
San Francisco,CA,2004,11/2/04,Board of Supervisors District 09,TRUE,Tom Ammiano,Democratic,https://docs.google.com/spreadsheets/d/1lU6viuXfay323Gl6zkH5itwmrUIUo9rAzalK_ntu-ZY/
San Francisco,CA,2008,11/4/08,Board of Supervisors District 09,TRUE,David Campos,Democratic,https://docs.google.com/spreadsheets/d/1lU6viuXfay323Gl6zkH5itwmrUIUo9rAzalK_ntu-ZY/
San Francisco,CA,2012,11/6/12,Board of Supervisors District 09,TRUE,David Campos,Democratic,https://docs.google.com/spreadsheets/d/1lU6viuXfay323Gl6zkH5itwmrUIUo9rAzalK_ntu-ZY/
San Francisco,CA,2016,11/8/16,Board of Supervisors District 09,TRUE,Hillary Ronen,Democratic,https://docs.google.com/spreadsheets/d/1lU6viuXfay323Gl6zkH5itwmrUIUo9rAzalK_ntu-ZY/
San Francisco,CA,2020,11/3/20,Board of Supervisors District 09,TRUE,Hillary Ronen,Democratic,https://docs.google.com/spreadsheets/d/1lU6viuXfay323Gl6zkH5itwmrUIUo9rAzalK_ntu-ZY/
San Francisco,CA,2006,11/7/06,Board of Supervisors District 10,TRUE,Sophie Maxwell,Democratic,https://docs.google.com/spreadsheets/d/1lU6viuXfay323Gl6zkH5itwmrUIUo9rAzalK_ntu-ZY/
San Francisco,CA,2010,11/2/10,Board of Supervisors District 10,TRUE,Malia Cohen,Democratic,https://docs.google.com/spreadsheets/d/1lU6viuXfay323Gl6zkH5itwmrUIUo9rAzalK_ntu-ZY/
San Francisco,CA,2014,11/4/14,Board of Supervisors District 10,TRUE,Malia Cohen,Democratic,https://docs.google.com/spreadsheets/d/1lU6viuXfay323Gl6zkH5itwmrUIUo9rAzalK_ntu-ZY/
San Francisco,CA,2018,11/6/18,Board of Supervisors District 10,TRUE,Shamann Walton,Democratic,https://docs.google.com/spreadsheets/d/1lU6viuXfay323Gl6zkH5itwmrUIUo9rAzalK_ntu-ZY/
San Francisco,CA,2004,11/2/04,Board of Supervisors District 11,TRUE,Gerardo Sandoval,Democratic,https://docs.google.com/spreadsheets/d/1lU6viuXfay323Gl6zkH5itwmrUIUo9rAzalK_ntu-ZY/
San Francisco,CA,2008,11/4/08,Board of Supervisors District 11,TRUE,John Avalos,Democratic,https://docs.google.com/spreadsheets/d/1lU6viuXfay323Gl6zkH5itwmrUIUo9rAzalK_ntu-ZY/
San Francisco,CA,2012,11/6/12,Board of Supervisors District 11,TRUE,John Avalos,Democratic,https://docs.google.com/spreadsheets/d/1lU6viuXfay323Gl6zkH5itwmrUIUo9rAzalK_ntu-ZY/
San Francisco,CA,2016,11/8/16,Board of Supervisors District 11,TRUE,Ahsha Safai,Democratic,https://docs.google.com/spreadsheets/d/1lU6viuXfay323Gl6zkH5itwmrUIUo9rAzalK_ntu-ZY/
San Francisco,CA,2020,11/3/20,Board of Supervisors District 11,TRUE,Ahsha Safai,Democratic,https://docs.google.com/spreadsheets/d/1lU6viuXfay323Gl6zkH5itwmrUIUo9rAzalK_ntu-ZY/
San Francisco,CA,2022,11/8/22,"Board of Supervisors, District 02",TRUE,CATHERINE STEFANI,Democratic,https://docs.google.com/spreadsheets/d/1lU6viuXfay323Gl6zkH5itwmrUIUo9rAzalK_ntu-ZY/
San Francisco,CA,2022,11/8/22,"Board of Supervisors, District 04",TRUE,JOEL ENGARDIO,Democratic,https://docs.google.com/spreadsheets/d/1lU6viuXfay323Gl6zkH5itwmrUIUo9rAzalK_ntu-ZY/
San Francisco,CA,2022,11/8/22,"Board of Supervisors, District 06",TRUE,MATT DORSEY,Democratic,https://docs.google.com/spreadsheets/d/1lU6viuXfay323Gl6zkH5itwmrUIUo9rAzalK_ntu-ZY/
San Francisco,CA,2022,11/8/22,"Board of Supervisors, District 08",TRUE,RAFAEL MANDELMAN,Democratic,https://docs.google.com/spreadsheets/d/1lU6viuXfay323Gl6zkH5itwmrUIUo9rAzalK_ntu-ZY/
San Francisco,CA,2022,11/8/22,"Board of Supervisors, District 10",TRUE,SHAMANN WALTON,Democratic,https://docs.google.com/spreadsheets/d/1lU6viuXfay323Gl6zkH5itwmrUIUo9rAzalK_ntu-ZY/
San Francisco,CA,2005,11/8/05,City Attorney,TRUE,Dennis Herrera,Democratic,https://docs.google.com/spreadsheets/d/1lU6viuXfay323Gl6zkH5itwmrUIUo9rAzalK_ntu-ZY/
San Francisco,CA,2009,11/3/09,City Attorney,TRUE,Dennis Herrera,Democratic,https://docs.google.com/spreadsheets/d/1lU6viuXfay323Gl6zkH5itwmrUIUo9rAzalK_ntu-ZY/
San Francisco,CA,2013,11/5/13,City Attorney,TRUE,Dennis Herrera,Democratic,https://docs.google.com/spreadsheets/d/1lU6viuXfay323Gl6zkH5itwmrUIUo9rAzalK_ntu-ZY/
San Francisco,CA,2015,11/3/15,City Attorney,TRUE,Dennis Herrera,Democratic,https://docs.google.com/spreadsheets/d/1lU6viuXfay323Gl6zkH5itwmrUIUo9rAzalK_ntu-ZY/
San Francisco,CA,2019,11/5/19,City Attorney,TRUE,Dennis Herrera,Democratic,https://docs.google.com/spreadsheets/d/1lU6viuXfay323Gl6zkH5itwmrUIUo9rAzalK_ntu-ZY/
San Francisco,CA,2007,11/6/07,District Attorney,TRUE,Kamala Harris,Democratic,https://docs.google.com/spreadsheets/d/1lU6viuXfay323Gl6zkH5itwmrUIUo9rAzalK_ntu-ZY/
San Francisco,CA,2011,11/8/11,District Attorney,TRUE,George Gascon,Democratic,https://docs.google.com/spreadsheets/d/1lU6viuXfay323Gl6zkH5itwmrUIUo9rAzalK_ntu-ZY/
San Francisco,CA,2015,11/3/15,District Attorney,TRUE,George Gascon,Democratic,https://docs.google.com/spreadsheets/d/1lU6viuXfay323Gl6zkH5itwmrUIUo9rAzalK_ntu-ZY/
San Francisco,CA,2019,11/5/19,District Attorney,TRUE,Chesa Boudin,Democratic,https://docs.google.com/spreadsheets/d/1lU6viuXfay323Gl6zkH5itwmrUIUo9rAzalK_ntu-ZY/
San Francisco,CA,2022,11/8/22,District Attorney,TRUE,BROOKE JENKINS,Democratic,https://docs.google.com/spreadsheets/d/1lU6viuXfay323Gl6zkH5itwmrUIUo9rAzalK_ntu-ZY/
San Francisco,CA,2007,11/6/07,Mayor,TRUE,Gavin Newsom,Democratic,https://docs.google.com/spreadsheets/d/1lU6viuXfay323Gl6zkH5itwmrUIUo9rAzalK_ntu-ZY/
San Francisco,CA,2011,11/8/11,Mayor,TRUE,Ed Lee,Democratic,https://docs.google.com/spreadsheets/d/1lU6viuXfay323Gl6zkH5itwmrUIUo9rAzalK_ntu-ZY/
San Francisco,CA,2015,11/3/15,Mayor,TRUE,Ed Lee,Democratic,https://docs.google.com/spreadsheets/d/1lU6viuXfay323Gl6zkH5itwmrUIUo9rAzalK_ntu-ZY/
San Francisco,CA,2019,11/5/19,Mayor,TRUE,London Breed,Democratic,https://docs.google.com/spreadsheets/d/1lU6viuXfay323Gl6zkH5itwmrUIUo9rAzalK_ntu-ZY/
San Francisco,CA,2018,6/5/18,Mayor Special Election,TRUE,London Breed,Democratic,https://docs.google.com/spreadsheets/d/1lU6viuXfay323Gl6zkH5itwmrUIUo9rAzalK_ntu-ZY/
San Francisco,CA,2006,11/7/06,Public Defender,TRUE,Jeff Adachi,Democratic,https://docs.google.com/spreadsheets/d/1lU6viuXfay323Gl6zkH5itwmrUIUo9rAzalK_ntu-ZY/
San Francisco,CA,2010,11/2/10,Public Defender,TRUE,Jeff Adachi,Democratic,https://docs.google.com/spreadsheets/d/1lU6viuXfay323Gl6zkH5itwmrUIUo9rAzalK_ntu-ZY/
San Francisco,CA,2014,11/4/14,Public Defender,TRUE,Jeff Adachi,Democratic,https://docs.google.com/spreadsheets/d/1lU6viuXfay323Gl6zkH5itwmrUIUo9rAzalK_ntu-ZY/
San Francisco,CA,2018,11/6/18,Public Defender,TRUE,Jeff Adachi,Democratic,https://docs.google.com/spreadsheets/d/1lU6viuXfay323Gl6zkH5itwmrUIUo9rAzalK_ntu-ZY/
San Francisco,CA,2019,11/5/19,Public Defender,TRUE,Manohar Raju,Democratic,https://docs.google.com/spreadsheets/d/1lU6viuXfay323Gl6zkH5itwmrUIUo9rAzalK_ntu-ZY/
San Francisco,CA,2022,11/8/22,Public Defender,TRUE,MANO RAJU,Democratic,https://docs.google.com/spreadsheets/d/1lU6viuXfay323Gl6zkH5itwmrUIUo9rAzalK_ntu-ZY/
San Francisco,CA,2011,11/8/11,Sheriff,TRUE,Ross Mirkarmi,Democratic,https://docs.google.com/spreadsheets/d/1lU6viuXfay323Gl6zkH5itwmrUIUo9rAzalK_ntu-ZY/
San Francisco,CA,2005,11/8/05,Treasurer,TRUE,Jose Cisneros,Democratic,https://docs.google.com/spreadsheets/d/1lU6viuXfay323Gl6zkH5itwmrUIUo9rAzalK_ntu-ZY/
San Francisco,CA,2009,11/3/09,Treasurer,TRUE,Jose Cisneros,Democratic,https://docs.google.com/spreadsheets/d/1lU6viuXfay323Gl6zkH5itwmrUIUo9rAzalK_ntu-ZY/
San Francisco,CA,2013,11/5/13,Treasurer,TRUE,Jose Cisneros,Democratic,https://docs.google.com/spreadsheets/d/1lU6viuXfay323Gl6zkH5itwmrUIUo9rAzalK_ntu-ZY/
San Francisco,CA,2015,11/3/15,Treasurer,TRUE,Jose Cisneros,Democratic,https://docs.google.com/spreadsheets/d/1lU6viuXfay323Gl6zkH5itwmrUIUo9rAzalK_ntu-ZY/
San Francisco,CA,2019,11/5/19,Treasurer,TRUE,Jose Cisneros,Democratic,https://docs.google.com/spreadsheets/d/1lU6viuXfay323Gl6zkH5itwmrUIUo9rAzalK_ntu-ZY/
St. Paul,MN,2019,11/5/19,City Council Ward 01,TRUE,Dai Thao,Democratic,https://docs.google.com/spreadsheets/d/1lU6viuXfay323Gl6zkH5itwmrUIUo9rAzalK_ntu-ZY/
St. Paul,MN,2019,11/5/19,City Council Ward 02,TRUE,Rebecca Noecker,Democratic,https://docs.google.com/spreadsheets/d/1lU6viuXfay323Gl6zkH5itwmrUIUo9rAzalK_ntu-ZY/
St. Paul,MN,2019,11/5/19,City Council Ward 03,TRUE,Chris Tolbert,Democratic,https://docs.google.com/spreadsheets/d/1lU6viuXfay323Gl6zkH5itwmrUIUo9rAzalK_ntu-ZY/
St. Paul,MN,2018,8/14/18,City Council Ward 04,TRUE,Jalali Nelson,Democratic,https://docs.google.com/spreadsheets/d/1lU6viuXfay323Gl6zkH5itwmrUIUo9rAzalK_ntu-ZY/
St. Paul,MN,2019,11/5/19,City Council Ward 04,TRUE,Mitra Jalali Nelson,Democratic,https://docs.google.com/spreadsheets/d/1lU6viuXfay323Gl6zkH5itwmrUIUo9rAzalK_ntu-ZY/
St. Paul,MN,2019,11/5/19,City Council Ward 05,TRUE,Amy Brendmoen,Democratic,https://docs.google.com/spreadsheets/d/1lU6viuXfay323Gl6zkH5itwmrUIUo9rAzalK_ntu-ZY/
St. Paul,MN,2019,11/5/19,City Council Ward 06,TRUE,Nelsie Yang,Democratic,https://docs.google.com/spreadsheets/d/1lU6viuXfay323Gl6zkH5itwmrUIUo9rAzalK_ntu-ZY/
St. Paul,MN,2019,11/5/19,City Council Ward 06,TRUE,Jane Prince,Democratic,https://docs.google.com/spreadsheets/d/1lU6viuXfay323Gl6zkH5itwmrUIUo9rAzalK_ntu-ZY/
St. Paul,MN,2013,11/5/13,Mayor,TRUE,Chris Coleman,Democratic,https://docs.google.com/spreadsheets/d/1lU6viuXfay323Gl6zkH5itwmrUIUo9rAzalK_ntu-ZY/
St. Paul,MN,2017,11/7/17,Mayor,TRUE,Melvin Carter,Democratic,https://docs.google.com/spreadsheets/d/1lU6viuXfay323Gl6zkH5itwmrUIUo9rAzalK_ntu-ZY/
St. Paul,MN,2021,11/2/21,Mayor,TRUE,Melvin Carter,Democratic,https://docs.google.com/spreadsheets/d/1lU6viuXfay323Gl6zkH5itwmrUIUo9rAzalK_ntu-ZY/